Temperature,Humidity,CO2,Condition
10.247240713084175,82.7769939325793,966.3879572302683,Good Condition
13.704285838459498,88.12851421067538,945.7703187007997,Average Condition
12.39196365086843,93.09418753814613,1868.7564127294513,Poor Condition
11.59195090518222,90.98337329614341,949.3646797893085,Average Condition
8.936111842654618,92.09841721792175,980.7296165800834,Good Condition
8.935967122017216,89.88175050066076,1663.1575673851492,Average Condition
8.348501673009197,90.38414846776779,1229.635779430756,Average Condition
13.197056874649611,92.7379347734798,1687.3947797372537,Poor Condition
11.606690070459253,83.74502013288779,691.5126205901394,Good Condition
12.248435466776273,87.34137445464711,1282.5996711427379,Average Condition
8.123506965774816,83.31814162729404,647.0590402565957,Good Condition
13.819459112971966,94.81502011994971,687.7144848374963,Average Condition
12.99465584480253,94.1608900952992,1869.0124346821754,Poor Condition
9.274034664069656,80.59140217052759,794.9435195646332,Good Condition
9.090949803242603,90.58362758773532,1345.388955185304,Average Condition
9.100427059120603,93.87872476123499,1175.5338436409893,Good Condition
9.825453457757227,82.70863017691,1086.2806567623797,Good Condition
11.148538589793427,88.51917845828945,1859.7666839621816,Average Condition
10.591670111852695,93.73232446382063,630.5527554856853,Average Condition
9.747374841188252,80.50918967878698,1529.3055606458247,Average Condition
11.671117368334276,90.4613040087026,1948.7522078989705,Average Condition
8.836963163912252,84.46023511058826,1384.2354568465787,Average Condition
9.75286789121131,93.86594293064796,1911.5514468463286,Average Condition
10.19817105976215,94.56587367748051,673.1610310004332,Average Condition
10.736419905302215,94.16399733670151,1186.310646703826,Average Condition
12.711055768358081,87.11321324986196,964.2209073468716,Average Condition
9.198042692950159,92.9306397648397,1623.1493509730217,Average Condition
11.08540663048167,92.66824097802606,1973.8159266961454,Average Condition
11.554487413172254,84.78650709864884,959.1420874219469,Good Condition
8.278702476319987,92.43373211226016,1515.8444420637043,Average Condition
11.64526911140863,80.55511452073239,877.3366858636361,Good Condition
9.02314474212375,88.9440481772308,1391.4623564002538,Average Condition
8.390309557911678,83.45013255931555,1249.5054813636707,Average Condition
13.69331322352,81.80850328665919,1960.8074614841519,Average Condition
13.793792198447356,81.15429802443813,1451.9381817750532,Average Condition
12.850384088698767,90.4443316381721,1089.3089209215464,Average Condition
9.827682615040224,85.09812445652099,759.7340988431067,Good Condition
8.586032684038303,90.87150157293142,811.7455602289084,Good Condition
12.10539815907294,80.98034511198414,915.4437019317292,Good Condition
10.640914962437607,84.72935506745915,951.3533258764172,Good Condition
8.732229409068673,88.09236938563006,1790.862480977593,Average Condition
10.97106146066762,91.86084747258445,1385.7119035955347,Average Condition
8.20633112669131,84.78128754398105,1332.7472759241132,Average Condition
13.455922412472692,89.38837064655513,760.6764206169045,Average Condition
9.552679889600102,93.28966622354281,1804.195570689209,Average Condition
11.975133706123891,89.23794782273457,1611.9400244918772,Average Condition
9.870266456536466,83.4943921213045,694.7357066600023,Good Condition
11.120408127066865,80.36601172334807,1590.969136121676,Average Condition
11.280261676059677,93.05148310851395,1360.9535042797045,Average Condition
9.109126733153163,80.31904116275581,714.4154840454896,Good Condition
13.817507766587351,93.12052509026299,1241.6208981401192,Average Condition
12.650796940166687,87.93405701040818,1278.5748019820658,Average Condition
13.636993649385134,94.08601547769344,832.0843562285861,Average Condition
13.368964102565894,91.98174853660498,1923.9774058003952,Poor Condition
11.587399872866511,94.96901165800006,1789.9655200729267,Average Condition
13.531245410138702,85.26067723177565,1536.6312722607518,Average Condition
8.530955012311518,91.50782433396691,1247.2137854008502,Average Condition
9.175897174514871,86.02896370413863,1176.471758218312,Good Condition
8.271363733463229,87.19813430455864,1511.362854011336,Average Condition
9.951981984579586,89.41258194827554,1363.6046171696676,Average Condition
10.332063738136892,93.10515671279508,687.1823482346399,Average Condition
9.628094190643376,94.76125203798942,1317.5037082784643,Average Condition
12.972425054911575,91.52410120796777,1728.9650641259752,Poor Condition
10.140519960161535,86.26650173251001,1242.9358286357412,Average Condition
9.685607058124285,86.32035503415605,672.7392085759758,Good Condition
11.25617649894949,91.06373452383338,1700.7894791376464,Average Condition
8.845545349848576,83.58165718652454,881.9092949903642,Good Condition
12.813181884524237,81.65711169697092,962.0691688432543,Good Condition
8.447303862078625,85.31933236461165,830.5888948052143,Good Condition
13.921321619603104,84.30858487481123,1062.3010908200965,Good Condition
12.633468615779945,84.44462180683985,1659.452107964089,Average Condition
9.192294089205035,83.50411626574865,1327.1402033055124,Average Condition
8.033132702741614,80.63139784454543,886.8337838109976,Good Condition
12.892768570729004,80.26810902100121,1828.9621094128572,Average Condition
12.241144063085702,94.81583584604047,1831.414596932141,Poor Condition
12.374043008245923,86.41659700603793,1818.8097950644096,Average Condition
12.627622080115675,85.76489970739523,934.314695934155,Average Condition
8.444267910404543,90.19470924039605,1231.7350818533832,Average Condition
10.150794371265636,83.27380831797596,1978.985518597225,Average Condition
8.695214357150778,94.24941775925338,1680.8174668339866,Average Condition
13.178620555253561,91.79517521623328,638.0343897157837,Average Condition
11.739788760965347,81.3411650346839,691.2864277646888,Good Condition
9.985388149115895,86.26371163677392,1249.503927537266,Average Condition
8.381350101716142,93.18677461343248,1872.9082882061841,Average Condition
9.865893930293973,94.17098033437115,1354.1825171338,Average Condition
9.951099932160481,87.01102266874804,1296.9375112480063,Average Condition
12.377637070028385,89.20117083816062,747.6631799392828,Average Condition
11.825344828131279,82.50550919138112,1519.4921466140117,Average Condition
13.32327645545796,94.86752939205465,1750.9444248403156,Poor Condition
10.833289550971696,83.47507552075164,1132.5880105105873,Good Condition
8.71756547562981,94.14097661202689,1685.8565912954584,Average Condition
12.27946872333797,89.74469973488553,1950.2673154611361,Average Condition
12.564710291701385,89.11605192318288,885.2730427787646,Average Condition
11.367663185416976,87.69032766524762,1332.6614836726378,Average Condition
12.625803079727365,83.46004717576638,1001.9931413184058,Good Condition
10.962773578186344,82.64792048008262,1709.996186647375,Average Condition
11.136396976291964,83.30729313605264,1408.6307122336207,Average Condition
10.565246110151298,82.79657393216382,1488.4153845704252,Average Condition
8.152514760464571,91.6937671035013,1717.0798234622516,Average Condition
8.647348561959827,85.25187888750095,1154.3586617274368,Good Condition
8.188575114120406,80.86764014845095,1881.1260957698605,Average Condition
11.818462467582682,94.53653945211217,1346.240414144596,Average Condition
9.88613588645796,93.25678827445138,821.1367519694872,Good Condition
11.051424146988216,93.91628424792819,1574.2587654363233,Average Condition
13.445398843556557,94.92361733969653,1710.5658906135561,Poor Condition
9.49575337489325,82.6084287382923,1043.4663478945374,Good Condition
10.462297538213779,85.94363028353987,1800.050959798254,Average Condition
12.533306831258292,91.37357713556136,1868.600556672073,Poor Condition
9.372788992949735,90.44030927080688,987.6662823289325,Good Condition
8.461879458972758,82.30843859509783,1976.9300618013108,Average Condition
9.738508717482608,92.23749687485926,796.9961392682618,Good Condition
8.967327723524026,83.36660857754991,882.821935763486,Good Condition
13.578185914055439,83.35726422233935,857.9147749332366,Good Condition
12.848722277386502,88.05461634340121,1851.5855940110187,Average Condition
11.800422539062541,88.89409902262554,1516.0095732549466,Average Condition
13.228763541126305,88.70129311756716,812.945996511182,Average Condition
12.822032461394688,81.37230256096632,1216.4527857156886,Average Condition
9.119420353316215,93.1619129394557,1461.4172350977228,Average Condition
13.355353990939866,83.9840006388306,716.8497189851366,Good Condition
11.236053451493905,81.94272381924206,1835.3829157702742,Average Condition
12.844640930984376,93.33122119803465,1725.0449496181493,Poor Condition
13.376547799540958,94.3347724734463,1307.2894830072935,Average Condition
9.908020849831184,92.93191425898176,1953.9772613628386,Average Condition
8.66031154716606,92.14274112087317,1184.8653709851396,Good Condition
9.367610975251651,89.82862970958533,1977.754446651097,Average Condition
10.562646731757539,88.2628605591371,1535.087998325078,Average Condition
12.90808859553496,81.30480139867115,1488.539782555518,Average Condition
13.164383499538062,86.12679819606048,832.336853414099,Average Condition
8.041712783187144,85.59032775518472,1834.6988616265016,Average Condition
11.064483815465394,83.8963067564049,1198.4855630888612,Good Condition
10.504466018892675,90.85130170532878,827.1267680954711,Average Condition
9.332646862824381,87.43813602618157,617.6505279660627,Good Condition
8.719192204002097,81.21569323861472,1383.6579570937356,Average Condition
10.025691028421768,83.30274802924717,1338.3594709717468,Average Condition
13.657458223475114,90.24888145489393,1607.095071316822,Poor Condition
9.939217592124532,81.1419628923545,1846.361274224923,Average Condition
11.112743730460195,92.76810371073154,711.1692185002413,Average Condition
12.218113753371068,87.42719790520961,1624.0950864765073,Average Condition
10.181777614275763,87.20879865989971,862.3767217366151,Average Condition
13.830692496325764,88.88611676989277,1801.4478744200296,Average Condition
13.774683769652668,92.37021448887724,1746.6889194063185,Poor Condition
9.510693774952184,85.2171381185329,1357.1112569797622,Average Condition
10.983491035354312,90.17024228838595,1594.339918072636,Average Condition
9.805269858900617,88.48597945993687,1040.0901584572478,Good Condition
9.709042966264805,84.00542405254131,1259.6350585059404,Average Condition
8.221321684127197,93.17944979532737,1750.2916567946604,Average Condition
11.657386003879381,91.96139032410392,1242.9712760424995,Average Condition
11.016074139373169,89.87677751987638,1100.9175714556186,Average Condition
8.308872507499936,92.75872593641363,1291.89742615042,Average Condition
9.671878785419668,93.00941301439704,1759.5489534121057,Average Condition
13.449595315799922,90.62544465072553,1069.291266319222,Average Condition
9.437371344001834,92.55519992545509,843.2662303900413,Good Condition
8.869369232547339,90.46207192503925,1596.819628463093,Average Condition
10.936716561665378,90.2021115764045,1756.3694977913144,Average Condition
13.913902724663604,89.27917067322777,740.8924699329466,Average Condition
9.452331629069002,91.29074959336462,935.8237578583226,Good Condition
12.03281328443527,82.3790765793961,798.7607856653915,Good Condition
12.569717691972306,93.21306138798393,1087.1179762150332,Average Condition
9.425825263954398,93.07765291617848,1230.4913704675778,Average Condition
12.369298091671158,80.43870924551838,1648.3568717486291,Average Condition
10.20669879631552,92.38725125847144,1511.6066188343439,Average Condition
11.793834983561478,81.93304801210168,1469.2999944698036,Average Condition
11.801178264565369,85.02678281388712,1093.324925253516,Average Condition
11.21464810444855,91.15262384437412,1778.026574318664,Average Condition
8.54173862032645,82.41139844072462,1259.8020343574303,Average Condition
13.011814973535428,92.26950536178593,1970.7469132212163,Poor Condition
9.924680389830415,92.48201266936613,1487.7989936140316,Average Condition
9.119111062399126,87.61201600641255,776.7706381903038,Good Condition
8.244650849328583,80.09578807575251,1546.6485869056078,Average Condition
11.54535765912945,84.30557199762369,1055.1456216043784,Good Condition
12.065386171053694,89.25390377563613,1560.8580753605365,Average Condition
8.099526973567137,94.71779267041136,697.497607427368,Good Condition
11.072558349795685,89.47720290525002,844.8340120463431,Average Condition
9.358974651187628,83.8970537159624,1798.032162468101,Average Condition
11.871036742456699,89.51008554649417,918.0513798329208,Average Condition
9.04619857402995,88.09978069573783,1771.857575340116,Average Condition
12.145626428614795,91.69768092726716,990.9865238361747,Average Condition
10.320412077803224,81.60470958240438,1500.0346740821906,Average Condition
13.620379932420407,91.41541853753043,1571.8108029137634,Poor Condition
8.825125664875959,88.11899868014166,1317.7166544030742,Average Condition
10.04639810630155,94.44488005788492,1027.4349473754237,Average Condition
8.680841127443534,85.1280824905803,897.7021269195345,Good Condition
13.548161709671376,89.48932839700922,646.4650963873967,Average Condition
13.264036120285887,93.98042158265027,1025.5249617370132,Average Condition
9.547649766290935,81.53764591986018,1514.4279067437963,Average Condition
11.959904276205075,94.05842730854677,1913.6267458278758,Average Condition
12.903333201207296,90.3182858345122,1819.686275168273,Poor Condition
11.331204869596775,81.01755588657758,1672.4906871494236,Average Condition
11.17790347013604,84.51445350420224,1703.826280554618,Average Condition
9.45111374540271,90.62258132967922,1530.9788648663935,Average Condition
8.558616606835395,81.01025902203158,964.4016005924042,Good Condition
13.38329454771996,88.73255690264409,1870.073042988162,Average Condition
13.402508342979983,85.18824585429435,1539.0252366681675,Average Condition
11.798608743639608,89.31373276651216,1384.616883372616,Average Condition
10.034178746292204,80.6861305071877,755.3852568988735,Good Condition
10.095257447675966,93.07305209228565,1225.8777613289956,Average Condition
12.355734073221436,94.60233453766095,1244.501579682697,Average Condition
13.382661559715462,94.53316782928538,1810.389053331738,Poor Condition
13.322518545590704,91.24477747614387,1365.3075082629039,Average Condition
12.679253275145744,81.95129360195948,1132.5607685585735,Good Condition
11.852189876925728,91.37394793893534,1967.520459914923,Average Condition
8.504839789970292,80.36880374688202,755.008830656842,Good Condition
8.969772284567682,80.33185327293496,1191.5677996367226,Good Condition
13.391325131162475,84.85415328724312,658.8345452399674,Good Condition
11.63857435795754,87.32964785606998,1635.8657690737025,Average Condition
8.055182309699777,91.5561112671169,1885.3071730788108,Average Condition
8.608829257196193,90.24943064909758,992.0522613706852,Good Condition
11.981010614648335,86.68854059565122,1801.6783475187692,Average Condition
8.030369503077312,84.10439999422499,1009.1055226466569,Good Condition
8.964848308504992,94.95686750236567,1875.0782263014812,Average Condition
11.292402736199517,86.39271953353959,1655.5466650354974,Average Condition
12.15137118615616,86.77080536494513,1726.869487578014,Average Condition
11.911767557015603,82.45435731787504,625.2091778406364,Good Condition
9.34561585676336,91.92214323124894,1947.9344999036364,Average Condition
12.273075328085216,90.40523338672233,1617.3393888984524,Poor Condition
9.4234945249808,83.3115441918314,1026.6515335405866,Good Condition
9.952398188955605,81.23571568423765,1761.1525308023856,Average Condition
12.478948430708144,90.2074895311207,994.1296777809019,Average Condition
11.897797394283288,89.81766821421704,1821.8553753925792,Average Condition
13.095340462965067,84.09889290497314,757.6125465767118,Good Condition
11.945677353802061,94.26295343375615,1585.160368445114,Average Condition
11.40985162001283,82.2658683767135,1356.9778673028745,Average Condition
8.562048606968554,86.48502201563903,735.1482582736171,Good Condition
10.2062948183566,94.15423880251399,938.6513595623746,Average Condition
9.591214206090353,86.29590975389183,617.3656507882407,Good Condition
9.463937860274502,89.57788921496129,1256.275151650308,Average Condition
13.838063328514673,85.96391596944191,1021.7713650640005,Average Condition
10.358586348000562,84.11322803523005,1437.7004780168622,Average Condition
13.352279331062679,94.75966471939742,1016.1329307920641,Average Condition
11.786831755983577,86.14001009472564,1019.8867561097786,Average Condition
12.768867821249891,93.41148805518702,1640.4704782242447,Poor Condition
11.015822558631154,83.4493190883663,667.3999703696949,Good Condition
11.461423307758155,83.19657056037624,1864.052993268782,Average Condition
10.955106162913182,80.46701124326768,1793.1694241476541,Average Condition
9.171457926788268,89.77500238063827,1534.926556516969,Average Condition
12.334712691569031,85.52789515585641,1430.510198150338,Average Condition
9.684634174645135,92.96537374759455,1849.223497395513,Average Condition
8.145895798588723,87.09814860037336,859.4622513402003,Good Condition
11.872833775443006,94.52290141872082,710.55682706716,Average Condition
9.062664076442294,82.78288273554682,935.3142378733534,Good Condition
13.642751506117486,93.02934751933417,1712.4095901802664,Poor Condition
13.723571462015524,91.64895279187613,648.5383734170766,Average Condition
13.489186341322691,91.56382766966078,1415.9295691168854,Average Condition
10.220952201532667,92.6717484217533,1993.612522667834,Average Condition
8.092739699173205,91.41535986414499,1797.9745313725552,Average Condition
13.569911375526353,89.39330482447123,1330.0239646610253,Average Condition
10.569104889903887,81.96867316523581,689.0972730012993,Good Condition
13.799928914262019,80.48789269236877,1763.9229201399937,Average Condition
13.781719862535518,93.8127177172353,1438.569911448095,Average Condition
13.11805673280416,89.24975471781107,760.9061958833936,Average Condition
9.766693352417514,91.94805936464265,731.4001987526987,Good Condition
10.310586371611551,87.22283527268826,1873.4775472112294,Average Condition
13.106820029101142,81.75962283443592,1536.88036811331,Average Condition
9.901532030937666,81.87778688303825,1761.0015190434578,Average Condition
9.016956480116555,90.28347930843456,1830.5704603951742,Average Condition
11.340807574750102,86.45458842349194,1400.481292867651,Average Condition
13.616928644964686,83.00787090050505,1324.424892457058,Average Condition
12.176178780049838,87.37391820112155,1202.5983744493863,Average Condition
11.42036702053619,80.96313405612702,1043.725222907567,Good Condition
8.58305896262461,88.72957102871598,1208.4343452021965,Average Condition
11.690043360195018,84.03490106652646,1683.4315180222188,Average Condition
13.94032310062558,91.96338650955782,1442.6928034211842,Average Condition
8.840504091419144,84.6554293838536,1849.5326059367844,Average Condition
11.10997791418242,86.82830223622702,1220.7320201308628,Average Condition
13.264238431567733,80.17430809862151,1449.9254102062555,Average Condition
12.444611706525226,81.08670331691839,1483.8305743287842,Average Condition
12.182094445971607,85.88740334610027,1428.3760272288557,Average Condition
12.214904503922655,87.19908252075685,1583.6872823197227,Average Condition
10.156946907318531,89.00030822178955,932.4068557247288,Average Condition
9.76155106558696,84.37493868063954,1317.309288564107,Average Condition
12.856166932871082,90.42472829189813,745.9147239316867,Average Condition
12.860680368075084,92.90183595783807,1138.3158587027376,Average Condition
13.202433911480622,91.69776483340024,1282.7338960697703,Average Condition
13.479443315338827,80.59428238022535,1513.1139633636615,Average Condition
11.068054393165626,87.20760420886744,1930.7434736206849,Average Condition
11.009097768123198,81.57395267627263,1440.9114931676982,Average Condition
12.789771073800651,83.63067523793791,1641.0314826471838,Average Condition
11.89978358466659,94.7999388990072,1308.7724832932838,Average Condition
12.21180126354622,82.1374331435227,1487.745643926864,Average Condition
12.774756016616607,87.48332230177034,699.3051025872828,Average Condition
13.340032050905398,89.27233601477178,956.1482131785858,Average Condition
10.027970941109215,90.53697455816156,1106.5943304871942,Average Condition
10.253497715839664,88.39473025230372,1261.490697009119,Average Condition
8.563891639045213,80.14656271128776,663.9082437033372,Good Condition
11.469680845977043,84.89691962365988,796.0337365746448,Good Condition
8.215653642780453,87.76567465077068,987.5400309078282,Good Condition
10.793588108794761,81.3179974871725,1960.1457672614708,Average Condition
11.25586780824546,85.25940396813772,1063.885809944271,Average Condition
9.719247512769707,80.4980466318705,1274.8574813569155,Average Condition
11.544999563414065,81.1786774573253,874.5367978337501,Good Condition
8.183001499634297,85.95384914302394,1455.0920995060756,Average Condition
8.224089132495287,81.9907363106459,992.956501722364,Good Condition
12.935603363957949,88.51311272392337,889.7896098137975,Average Condition
10.161143848467578,90.34197453705899,1323.2016798243708,Average Condition
8.762363075911308,92.00880048663625,607.7081188245892,Good Condition
11.133459560328827,83.00225366367215,610.7296457089154,Good Condition
12.619961318591665,82.51223873388605,906.6963327426008,Good Condition
9.294926164981058,81.568517605016,651.4099075011496,Good Condition
11.737342854914,89.54645374315456,751.2360557829679,Average Condition
8.512084789962607,90.59713589730352,1074.4049090742524,Good Condition
8.310090327011647,80.47379217238463,1723.619951411738,Average Condition
11.188127789408888,94.04318369365535,1400.8681007170212,Average Condition
11.24381072966064,80.77956925477208,1317.734816338983,Average Condition
11.824579408989239,88.11944502951606,1010.8843524913702,Average Condition
12.35654800233597,90.63590779176374,1904.455207205943,Poor Condition
13.855112476775208,93.06453685619128,1155.8210577320683,Average Condition
11.097802089807171,90.71130398198642,721.9298735140801,Average Condition
9.937738837647476,92.02592124604688,1463.8931225649217,Average Condition
12.771117168612221,85.0917528881421,759.3737508672419,Average Condition
9.624993507572444,92.22237670619768,1083.312399922369,Good Condition
10.633828524233817,81.20172269577013,1310.3767142049323,Average Condition
8.470738288053596,93.42224984090791,1823.911534559246,Average Condition
8.152104460492746,88.21388564230604,1290.965212476166,Average Condition
13.77589048806755,92.2594665494374,1583.16227244433,Poor Condition
13.015880723073234,86.78477426777451,1989.9435745986984,Average Condition
12.175845236562187,89.65366542794787,784.0847678571743,Average Condition
10.45371766648562,87.8960399140417,984.6241357273273,Average Condition
9.039765920425074,90.97384282632999,1152.406505836705,Good Condition
8.938622256026516,81.22444973045884,1190.559449954364,Good Condition
9.501457388987571,80.90528125985846,1175.4295053717642,Good Condition
11.295359988236722,83.7065485101522,1870.655403579177,Average Condition
12.287575536200375,82.39317020169783,1599.645702253599,Average Condition
11.961184260306387,93.07675349888302,1451.0672997269853,Average Condition
9.679603381675657,83.28820981037066,1033.1218050078949,Good Condition
13.729191683979165,94.63797883728697,1753.3065379098125,Poor Condition
12.427381500174612,85.05343687656661,1937.0847160789845,Average Condition
11.326124315068405,82.73176873533049,1749.6775955703172,Average Condition
11.670324477406114,91.84547760713718,602.1911472680621,Average Condition
10.51760037456674,89.88061663251314,1490.9619182567699,Average Condition
9.486385937006945,87.47293574679708,671.589534018941,Good Condition
10.135836071907569,88.33045326406447,960.6501084672107,Average Condition
12.547076662786214,90.78802667408395,683.3345804868803,Average Condition
8.086360931778536,83.42682111996947,1445.3136341291429,Average Condition
8.696435843041497,94.94500874085114,1561.2258788896495,Average Condition
8.276015852130516,94.62189743220175,760.2826932922671,Good Condition
8.24437281391382,89.75488529520405,1137.3744362629714,Good Condition
13.132763504066043,82.99313676393717,1238.7311125377587,Average Condition
12.221947156280141,90.20342363646937,1116.6742304652832,Average Condition
10.84504297452395,81.08297613468764,769.4350006792703,Good Condition
8.58700496390601,80.4597875330871,1186.5269062624657,Good Condition
10.949695250700994,83.86524332766821,1651.6492669317854,Average Condition
10.840830624683395,86.93934435108974,699.4107303465577,Average Condition
9.03921121946009,93.02408758112571,712.2520197146648,Good Condition
10.603109895427838,90.90753604649461,1096.6798085703779,Average Condition
10.39102840638424,91.14059781799972,1918.415996266495,Average Condition
11.695100588313299,86.38240001672114,1536.0017054120797,Average Condition
11.810561905205862,85.18902488820444,1550.1379393415907,Average Condition
8.271824058632268,85.56558144476904,1106.687987173011,Good Condition
10.247675687758827,94.81474345604087,1431.1251076919539,Average Condition
11.755159494285419,80.60163787118724,614.1836576388407,Good Condition
11.018817551480527,93.00547244183673,1490.534464973359,Average Condition
13.138939047129934,88.6801311285859,1878.6017266067315,Average Condition
11.95216178971367,86.57923128784385,1457.6028556827468,Average Condition
8.977606562488578,90.87886490622705,1823.178030852883,Average Condition
8.42341248440258,87.30003412137054,1613.5622776525313,Average Condition
11.854515669237895,93.1013485712249,768.7817829651664,Average Condition
8.159067863249732,93.51052796016887,1863.4346302001784,Average Condition
11.51465348764078,86.32581390310183,693.0213820980848,Average Condition
13.641381448549746,84.15241695852578,1347.5544615668691,Average Condition
11.452845067255273,88.88525492890044,798.9919733108408,Average Condition
10.329019557239132,93.68545018425036,616.3892550232657,Average Condition
11.859729310654119,83.159932835085,1190.8479641786946,Good Condition
10.7495173429491,89.34449875345224,1013.0569907158188,Average Condition
11.27370073589561,89.4734033013878,1280.4006913166443,Average Condition
13.648788852659152,90.99669533622921,1408.079841428371,Average Condition
10.316615826804647,81.9735152769089,661.2347012325263,Good Condition
13.767143382943486,90.73737447023133,772.2046131732438,Average Condition
13.432103851736382,93.63548780998461,1382.0993550305955,Average Condition
9.17474680873578,82.69524663305363,1080.4342944417215,Good Condition
8.416167805250993,83.56314987385817,1620.8428825692272,Average Condition
8.60466800826456,94.5709264106246,1513.2083080287157,Average Condition
8.109330953909298,82.71465429064234,1783.8461081858695,Average Condition
8.56665776453557,92.81577640054368,1569.4899573369153,Average Condition
12.09804064049814,87.38416784672052,1201.9035083462072,Average Condition
8.427131890761373,83.70846611604766,1542.1532713522054,Average Condition
9.913853781762567,93.06124851908767,985.5336439575859,Good Condition
13.069251865816728,86.67957882503998,1028.8388982894978,Average Condition
8.139631614414956,87.72226030894535,1704.5792238891106,Average Condition
12.886810895533614,85.38850054099649,1224.9873229622149,Average Condition
9.6911286486404,88.89426277152391,1717.7324767256935,Average Condition
8.708988965729937,82.45285808877534,1751.3913231355898,Average Condition
12.180422992184905,85.86622304977641,1800.5872727257972,Average Condition
11.773657080679303,94.54118483502931,1883.2893301776903,Average Condition
13.264832081162318,83.87200149051691,1203.3793087186148,Average Condition
12.410426262823314,89.85104996811938,1046.4135456495944,Average Condition
12.820885582309092,84.87785096337042,1415.0782452317594,Average Condition
9.69220743542784,91.602096885299,1119.6413928126785,Good Condition
9.064637262678337,81.96310491077524,1441.5038335203262,Average Condition
12.50368850984515,94.54731567617817,1587.8202077013543,Poor Condition
12.841008435603584,86.80684312075459,1563.7670258889916,Average Condition
13.94303085200404,83.54075695019696,1124.37404182817,Good Condition
10.475706061468559,81.10245120995019,833.604282378254,Good Condition
10.2321085147567,82.54636857631311,1202.7410738470905,Average Condition
12.65847776445198,87.79660922834026,799.6318017146723,Average Condition
10.044821241518108,85.05504764646929,1846.1358492573318,Average Condition
13.584543953621388,92.43325048823914,1084.2284450330003,Average Condition
13.15047651105807,86.4633128549271,816.2436461126533,Average Condition
10.57396416425011,83.73071408881445,635.6268638680513,Good Condition
12.505226406748985,89.25717479906045,1504.1513408010778,Average Condition
12.527257244508094,90.60165825328168,1491.6632444366405,Average Condition
8.618743213015595,82.50562861851425,1076.8458332138084,Good Condition
13.4153174400774,82.51428824432476,700.3966443867114,Good Condition
11.031514234687144,80.55007140400315,1173.4804528533248,Good Condition
12.95874479664645,91.04603022598461,1035.704493088751,Average Condition
9.92029760618367,89.95706791432707,1547.968895629013,Average Condition
13.373139370977203,87.1194631362472,1448.0909492337664,Average Condition
10.33521007240498,92.66255673453796,1110.431219476556,Average Condition
8.06502590888179,92.0850522942508,905.0495759569861,Good Condition
13.432291858515581,88.78031546595128,1983.2503526178286,Average Condition
8.547720060716802,93.02406920769889,1235.6022696745608,Average Condition
9.915881825542488,83.08761815055152,1563.583930092332,Average Condition
13.70037180230483,81.67879429096593,796.7741546097051,Good Condition
13.703642881625337,84.04624417275484,1279.8255795231569,Average Condition
11.440627328739716,80.85630284133973,638.5514078172516,Good Condition
11.791023273018796,87.96754292001548,1307.63716507463,Average Condition
10.690673131869918,94.04908538442442,1949.6243699647832,Average Condition
9.759264630188387,80.59015311002764,1137.8893981801202,Good Condition
9.971987272219495,81.8316487101504,654.5944176048762,Good Condition
12.03511073646223,86.78298542425154,643.3381072870809,Average Condition
12.51424717662608,94.00812526291857,1143.1814639256172,Average Condition
12.749474262355092,84.74234157465126,824.0349110484717,Good Condition
12.737708856767323,87.60852213032588,632.6929348594603,Average Condition
8.547236618292143,80.62359288575588,1658.6990595302475,Average Condition
10.96652182821549,82.22514801443133,1241.932212434647,Average Condition
8.345352560099865,94.7994518443827,1004.9426807617164,Good Condition
11.297173293942414,94.47678044654069,1860.116456223073,Average Condition
10.649183008240263,80.07409971401614,762.5945442807358,Good Condition
13.326225096549798,94.27717678134859,1938.2863605374469,Poor Condition
10.105490075312472,89.5867990672325,1039.553404328294,Average Condition
8.702402098565635,93.01877441780033,1843.7651412321536,Average Condition
8.857950092317015,86.82109783450788,1444.120027071246,Average Condition
12.569063790304833,87.73394042868875,1757.3903036380825,Average Condition
11.709308379897566,87.33269870385381,1977.61842849465,Average Condition
8.606736056736741,90.00296386319157,1003.7676129462441,Good Condition
8.504640836689985,82.0947688213447,1945.58967957063,Average Condition
12.20581478875472,80.44960384809016,1145.2746528633884,Good Condition
8.43657803818516,84.61894912386786,1139.7166666316912,Good Condition
12.931160355742136,90.57021144104971,1076.541945956308,Average Condition
12.237453362938977,83.02780178184423,1357.9706502866193,Average Condition
8.488092683851399,90.10148649987376,815.803060449882,Good Condition
8.509026284511151,94.54868069160906,1375.1960795012155,Average Condition
13.919837471007053,81.40851073684128,1358.3867373740056,Average Condition
10.245624774536722,90.08903177337689,1666.662537646818,Average Condition
10.223852882401346,86.65625328956857,1767.1099467126198,Average Condition
12.876797403545016,93.02213381566258,1216.6178904373937,Average Condition
13.683491464303152,82.65724684171079,1023.2665490920913,Good Condition
13.916006382937226,90.38938928339246,963.0688562439323,Average Condition
12.520269111553649,92.57172934472166,872.4733713868206,Average Condition
10.257557513185494,94.16921329211036,680.7066150786349,Average Condition
8.501004300192012,90.24872042434468,1079.4271703685986,Good Condition
12.662881495564621,87.4576214601264,978.3467689830966,Average Condition
11.35042549841483,89.2677086030182,1952.9843402129702,Average Condition
10.545332055481857,93.03357476718077,1380.7923567500616,Average Condition
13.438126310568416,88.55914619958244,1086.1878546427106,Average Condition
8.667184893836907,80.45580589545256,1412.6546413911744,Average Condition
10.955750625745155,93.96423043260467,794.8753818839737,Average Condition
8.068121868604514,90.34290126547342,1221.6612488830842,Average Condition
10.811963851964759,90.1477007866587,1476.7280499894894,Average Condition
8.337819654091025,83.23512728596576,1284.456964509432,Average Condition
8.712907497608432,89.88328205348986,1162.4903209160539,Good Condition
8.70515748066263,85.90796608481237,1991.3877444595773,Average Condition
11.895261812696381,89.76849465562238,1832.4406670084977,Average Condition
12.47626927559254,81.59889545461986,1472.768341423216,Average Condition
11.500212590582958,89.86767956904554,1397.1283056551958,Average Condition
13.77303529084725,94.99120588656,1468.9246717544177,Average Condition
10.249223477142223,80.72318058290834,881.8369509514066,Good Condition
9.714272517691164,94.65761276331976,1153.192840570046,Good Condition
13.211594769136761,86.10361941084307,655.243346047259,Average Condition
9.341575031116715,93.06130175505889,1265.7644524815573,Average Condition
13.779335236643668,91.7357822608741,1360.2344175407284,Average Condition
8.072926848138898,88.50524391480002,918.8496305444935,Good Condition
13.819272960245835,91.0767381387699,1949.6403860317191,Poor Condition
8.258959471703456,93.17773341952022,1873.2364553121388,Average Condition
13.346858682188426,86.0621048247655,1611.0005296382683,Average Condition
11.166206654517799,84.90549742344858,1346.7412802715075,Average Condition
13.957788776715802,90.01390078345378,1817.9568235067588,Poor Condition
8.442779388412394,92.11768912911887,782.9132813528481,Good Condition
11.323125706407925,91.43427702164924,1706.713711984839,Average Condition
13.815815213714593,91.96720473287952,774.7491395535876,Average Condition
11.138587065020893,86.53374972219399,1711.8949275691675,Average Condition
11.776391828811576,92.26751324262533,986.0745955518997,Average Condition
12.174492133907703,81.80313583055913,1827.9268134254646,Average Condition
10.72724638860664,88.16733646941275,1921.658931355557,Average Condition
11.76534848050438,80.08637990747182,808.3143571671619,Good Condition
11.505885871538602,84.86878744850405,1247.7458470915508,Average Condition
13.406948062945933,85.49692302307096,1973.3823294277593,Average Condition
8.272678282048748,85.94259037413883,1276.7704103624053,Average Condition
9.685779137553382,90.43200810034793,1808.966531520363,Average Condition
13.702468904459352,85.82837151905518,1424.2241309838478,Average Condition
13.341582703345498,86.73040433933797,1125.4618710874424,Average Condition
10.733940516714277,83.56316196311491,1000.0969777362183,Good Condition
11.72079558680922,85.5987768744401,884.5123275205221,Average Condition
9.664287097886795,83.40904440894727,1666.5174679287761,Average Condition
9.128726958342568,81.09793885652665,1141.1567095522391,Good Condition
10.782190429639893,89.05172890072066,1315.7856470810516,Average Condition
10.120113368156318,90.02319197832524,1289.2556720016546,Average Condition
11.501936671105232,89.29235519014422,1408.1906409263838,Average Condition
8.46640782178991,86.95241065700858,1811.808003874373,Average Condition
13.846368845996999,85.69678670268844,1973.035081016801,Average Condition
13.917264466877617,92.95000474357738,1170.6178920033437,Average Condition
12.18897028411847,87.78622677704327,1758.5264909488244,Average Condition
11.216578198064722,87.18772816444596,1670.3389125166048,Average Condition
9.857165697717967,80.38463098709653,1402.9405320378025,Average Condition
12.882770118241691,85.11871741439235,1938.4660010567063,Average Condition
12.108387035323275,85.70293428178786,880.6643217397639,Average Condition
8.975701636069347,85.98234171345351,752.96989443347,Good Condition
13.465563106963055,88.70258553840998,1795.546753737591,Average Condition
12.935223457539013,88.00403820090318,1214.8097432872478,Average Condition
13.698799479751544,89.11857639190167,1785.7563958898847,Average Condition
12.35431705033016,91.47324892313192,1850.3262872735809,Poor Condition
11.680491175614739,92.19478608074141,687.4406310667,Average Condition
10.509458217743713,90.77184614339741,1836.850668180485,Average Condition
13.596370900124079,94.33285543932402,1227.6466775171912,Average Condition
13.19638333700245,80.27348874014542,1314.605484605925,Average Condition
8.271312020637136,82.93666978525319,1477.2295155304944,Average Condition
8.158201846983513,80.11344312467213,1896.9356494221215,Average Condition
10.258780201268298,89.71212071231905,626.7625322016696,Average Condition
12.863319984690998,93.4704582342498,1267.580855644944,Average Condition
13.923656775889667,83.65223444864449,1562.810859402785,Average Condition
8.902501346621168,93.9055181719446,1611.78974077752,Average Condition
11.564784292112812,80.90401085434341,1569.545404151951,Average Condition
10.285345139786129,94.01654040208271,788.2091811713706,Average Condition
13.819486386887618,85.27434030859452,1019.1538237203538,Average Condition
13.052713538814253,81.52131242673825,1102.2017355838188,Good Condition
13.029972228266827,87.28807638779489,1726.212090751307,Average Condition
10.812158958769821,83.85164851580763,990.2638213803742,Good Condition
10.48891701402599,84.27309352942885,894.9869494140844,Good Condition
9.640442431584237,84.6093494738943,1940.4272266533346,Average Condition
8.338252979905562,92.04538846748996,612.4085991588564,Good Condition
13.188334257530318,88.08741915012882,1996.9491979547695,Average Condition
12.877406054780465,84.66961548734005,1547.5498184003538,Average Condition
13.998306039716784,89.15500674966377,1759.8570192287639,Average Condition
13.979821022443431,90.7422601133479,1012.4671548846704,Average Condition
11.332590233615765,84.08936001100301,620.041388733884,Good Condition
12.613924491083063,86.20323652288027,1633.0173259861422,Average Condition
13.668594379294568,81.82829140005421,1767.8024358009461,Average Condition
13.097884344064468,82.7172402430202,1636.6665847349268,Average Condition
9.484088610459185,90.21676780947475,799.990402221174,Good Condition
10.70326481186056,82.7215752154344,1654.7990911597567,Average Condition
8.77495649090897,87.8774507550059,1676.4918949506973,Average Condition
13.724306163552335,90.63569392583649,1521.956721938077,Poor Condition
11.63704780670528,81.60315384642115,1672.5623059138206,Average Condition
9.371856833020777,88.50968329443356,1784.290015548825,Average Condition
12.03020410643514,83.84844175552045,1459.0457599324418,Average Condition
11.708769442747375,94.4439031285637,724.0465995575507,Average Condition
10.148976308197042,87.25318470079887,1282.6789335340952,Average Condition
8.681345553197774,92.08988824662737,708.7090685402471,Good Condition
12.029439173556797,88.25339813234393,1170.560243445403,Average Condition
11.12184620542276,80.65118799282229,1169.9490847758786,Good Condition
12.633910350413835,89.49727063391033,692.4137817963382,Average Condition
11.120981006671961,94.27105013309986,1088.348747557271,Average Condition
13.113089001911241,89.02417730219497,755.3973383078408,Average Condition
11.311441032646913,92.28783289140185,1731.5292940129111,Average Condition
11.365627829212318,93.26309695022611,1926.7632363502591,Average Condition
13.25992161595007,83.42119657923399,701.2430653611141,Good Condition
10.420897197274382,83.1806725986234,1937.161290208382,Average Condition
8.804091370703844,89.16471483276487,1331.6072390714432,Average Condition
8.172696057880033,86.16542704710056,1019.3919491354234,Good Condition
12.530823534041714,92.5979195430008,707.6069053866289,Average Condition
11.721857308120788,93.50034685097017,1300.8739752985848,Average Condition
12.22447860859534,85.30132068954077,1712.3217622870482,Average Condition
9.277784969053464,83.55305838461723,1589.9210681733775,Average Condition
8.818228853520619,91.70788272865792,670.3164160495633,Good Condition
8.087267994007291,84.12209053322204,702.062569515065,Good Condition
10.103525352839583,92.33921477770518,1164.022595685692,Average Condition
11.539506121127799,86.35607380473144,1013.4066916671206,Average Condition
10.353464270598394,90.01324848937206,925.338052278467,Average Condition
10.624849532142374,81.43302970752002,993.4062984721991,Good Condition
13.424952166962491,89.3578898701486,1724.8758406156385,Average Condition
10.089532802139802,86.77651518105844,1900.9192750845955,Average Condition
11.083936934958864,88.79912694763212,1167.143772338593,Average Condition
12.701918076446859,82.52021311617295,1868.555402985496,Average Condition
10.379256693927621,91.05310617416274,1050.0939817470348,Average Condition
11.73252020136724,92.94195616314843,1267.0117808813084,Average Condition
13.17418225248047,83.25109700136163,916.4405969423997,Good Condition
13.697123741945852,81.43571833280242,1496.6664590461814,Average Condition
8.882440885574228,80.35457879069504,1970.5735612447324,Average Condition
13.559525750968966,89.629572506649,1444.8903344607302,Average Condition
10.952697758477228,89.10641054133171,1100.9397177589685,Average Condition
9.54946632979375,88.20046119071105,1506.9444243867397,Average Condition
10.754814537429567,83.47920644173963,772.0889498515426,Good Condition
13.880195451712861,85.86358993858272,1844.122712371558,Average Condition
10.955708563957216,88.9171450277926,1304.317531091771,Average Condition
9.972509661725049,87.45150288288754,1229.0896388554988,Average Condition
11.800405125900355,94.8167828032233,1420.2107038349268,Average Condition
9.440873712669159,82.046596288351,1474.6974079051633,Average Condition
8.455179968651983,90.42716831071391,700.4861287171183,Good Condition
8.773278331463896,86.06478152156438,1555.6641097127633,Average Condition
8.768275033746635,86.42299422388422,938.7043524417414,Good Condition
8.911416161073767,90.76396648487264,1599.5336855092257,Average Condition
8.83296303589646,90.38654226986554,1751.5487121378756,Average Condition
11.845248468819287,94.86883990553282,1725.5419105735284,Average Condition
9.091280506394869,81.92591434181188,1373.5013543710447,Average Condition
10.07400369994318,81.56164474076249,1328.2378492350517,Average Condition
13.380730459436071,90.86508225693112,800.0263458751764,Average Condition
10.843769841577235,88.67580375509614,1685.4846105643899,Average Condition
12.005346431126164,84.11240999839708,979.9731326254001,Good Condition
9.033919227209779,81.19129053483479,1295.373591945125,Average Condition
9.153734112852025,81.28487374394646,997.9837300985234,Good Condition
8.245211697598872,93.41286311996177,787.3597081995704,Good Condition
9.013610378432988,82.87800987078114,1481.3807756484312,Average Condition
9.671542034191752,84.85057343173281,676.0648487520654,Good Condition
9.062062905660481,83.39984603340483,1648.10332777668,Average Condition
8.532215202542334,85.32494458747905,1044.6215133655633,Good Condition
8.723815226603605,81.0413576411914,600.1885702062795,Good Condition
10.764672608196355,87.78589686362406,1315.5807949321218,Average Condition
9.238002310434755,81.01418845388322,665.5926719386443,Good Condition
10.185619166288452,92.00534761733542,986.6373809492593,Average Condition
11.020503625129141,83.5056812286565,1589.7670824380025,Average Condition
12.142368971776191,88.10017871906766,687.7654702706122,Average Condition
8.235872839046593,93.20118631342187,1775.0738892984032,Average Condition
12.796462393454256,89.76316053570791,605.3478917220164,Average Condition
11.767402336945446,87.99436679827002,945.5534168826632,Average Condition
8.490554191693231,84.86500629673063,1637.2656786129,Average Condition
13.241471744640663,84.99502869587297,1042.7782096210294,Good Condition
13.525234403190879,90.04230432797286,742.649343292419,Average Condition
8.366467759129183,94.91209041831752,1104.327486320599,Good Condition
9.661265888883221,89.92758784774068,978.5506009383357,Good Condition
12.837207678758368,88.36675126055037,1779.796663024777,Average Condition
12.48955814230195,90.9597576535887,1038.6870846192005,Average Condition
9.107126116138264,86.97808418425578,1704.5054604864101,Average Condition
9.256095940020263,80.90213513901178,1848.6210027350287,Average Condition
10.222832616748292,88.43445223816865,1207.3443874071413,Average Condition
10.907137911146128,94.3643792675807,1873.920401396149,Average Condition
11.709528629181776,82.6295441353649,1128.24527554847,Good Condition
10.213481837418634,90.35007336230998,1949.7097830861514,Average Condition
10.775208296798887,83.01400532988585,725.0053343358021,Good Condition
12.48482562880254,88.03741526709622,1561.8269731045398,Average Condition
8.220099217343588,81.45014674470079,1291.3396566397,Average Condition
9.514621666064125,86.75556404387278,1142.7083276379058,Good Condition
12.280097515307315,91.3424499334287,1485.7966302480413,Average Condition
13.371241026123196,85.21357286358473,1585.3999282880636,Average Condition
11.070064652693997,89.97367586730827,606.1085775104327,Average Condition
11.192680911591893,91.93174941184594,833.7343242460782,Average Condition
8.643032068038657,93.90766729219179,1598.2644708880462,Average Condition
10.684474200940727,83.51963122783181,1532.939579009489,Average Condition
11.19570359873014,85.98973873713962,1952.466507180148,Average Condition
9.454823021808378,82.28624019995627,1665.452906351096,Average Condition
9.615459385696285,94.88725253237563,1931.0817908238732,Average Condition
10.263704978627736,93.90501451886443,1583.5567021487298,Average Condition
8.120427186666358,88.09935695420839,1017.2730920952204,Good Condition
9.93247499349907,92.63049941564631,747.5108911511991,Good Condition
9.268688041979267,87.81436965908063,1694.5534086829098,Average Condition
9.964984113067487,89.3537853200414,1501.8089100662824,Average Condition
8.718572790915507,81.33686648174024,667.4604173506148,Good Condition
13.34316368443937,91.32905630745212,1104.0706522613696,Average Condition
11.561554721324292,81.91570225452853,1939.5197416780006,Average Condition
12.074613914866937,92.39101445378793,1300.5616039942818,Average Condition
12.73502743164403,91.73042131505579,1205.8207904275864,Average Condition
10.990653193574344,90.63117046614465,1240.7794472230116,Average Condition
8.521521728524542,80.54240570787144,892.4358136072292,Good Condition
11.222639250911286,84.54692533917994,1116.1900392107132,Good Condition
11.521046708125276,83.94668854866265,1117.7385583820474,Good Condition
12.47263684510598,85.40204611207278,673.2970282624614,Average Condition
10.589957277378076,81.31464120145758,1674.5946799250855,Average Condition
8.765481816773383,94.05436734546595,1183.1062046654306,Good Condition
9.702655434792346,88.30703361068565,1751.0518415429926,Average Condition
10.178493778391811,84.58286465987035,1790.4872015678536,Average Condition
11.875503447989608,85.95472275611425,896.7916765781213,Average Condition
11.42466982801347,86.70803810757253,1520.29487503818,Average Condition
10.136580355387078,89.00891500040926,1261.1945258281744,Average Condition
13.919091492757879,87.73519141544747,1832.219433090079,Average Condition
11.634648916141323,93.79087959821626,902.0369508470358,Average Condition
9.423360750415966,87.45445224358745,1548.938480434062,Average Condition
8.610694835722423,94.88237022234969,1450.8529711538117,Average Condition
8.917154835105991,92.77137436617643,1013.4220686005659,Good Condition
9.475746370307048,83.12765771536004,791.2412651116417,Good Condition
8.964088239557334,93.95892821965874,1512.2956646681873,Average Condition
9.119402144307834,81.74549596828214,1634.036441385263,Average Condition
9.710571012163083,92.26174562736787,1041.87828126869,Good Condition
9.04024157176853,85.7093494021487,1502.7656456312393,Average Condition
13.380592547758551,93.16961480667604,1153.1832706561045,Average Condition
8.481402473969853,93.02085035161176,1598.4896365956647,Average Condition
11.147068337421528,92.08888100176432,878.9013848516743,Average Condition
10.462380961937969,91.85045654460592,1846.3010036906442,Average Condition
13.894271701451638,84.57018708647061,1002.3734350518116,Good Condition
8.672233413008314,81.21378924576878,1114.9003828586142,Good Condition
10.387133594274449,86.04470268147742,681.3287329124897,Average Condition
13.816822599652212,82.60286772479763,756.117097249787,Good Condition
13.193042755363882,90.42426633353692,1322.2066637972594,Average Condition
12.902432425695679,85.19149589806679,974.6297474191601,Average Condition
9.547416962269638,94.63415301289872,1769.672316039072,Average Condition
9.025325524340396,89.61458116017998,620.5707441169354,Good Condition
12.011859319546586,92.33720845451542,1130.7316681407106,Average Condition
13.576255934765515,81.98787009112773,1072.2837654767297,Good Condition
11.340577358083578,92.93021723408934,627.0586832846415,Average Condition
11.429676136819399,93.84135785770091,774.1157586007143,Average Condition
9.679874561961705,87.30592878228404,1179.0997448860894,Good Condition
12.616957599151622,89.09379406626466,1290.0104182264254,Average Condition
9.12226249134514,91.47214701354493,1166.0056461568167,Good Condition
9.942075418425462,82.62257940890619,1343.3127497769315,Average Condition
10.5526186316985,87.53849114695164,1433.1843448679542,Average Condition
11.04566227210673,85.9799454165847,613.8933495789698,Average Condition
9.454458394490482,82.19560988243374,1249.7332232349054,Average Condition
8.689020948435221,85.51301633437298,1948.8989372426236,Average Condition
11.663720254649796,81.0225846407824,1326.6451921813682,Average Condition
9.731783319441535,80.38717860424231,1548.5591744425344,Average Condition
11.487429328535674,82.02749433732234,1036.6094010836364,Good Condition
8.926176291645215,94.4467266738376,1683.5879294138676,Average Condition
10.886840611128905,88.24294303842525,1682.090074626561,Average Condition
11.195536595309516,94.4873324172983,1329.8144667157944,Average Condition
8.310941220934561,86.48746817495199,1966.419352590899,Average Condition
10.019625669163524,84.6772419962789,775.7703006677148,Good Condition
8.806488061633846,87.59212794260367,623.7267308454134,Good Condition
8.380249822836607,86.59267532949366,1678.2214964599343,Average Condition
13.939761394339671,81.58497026392615,1730.0177523108355,Average Condition
9.934123069848338,89.6123947203531,768.2901207688067,Good Condition
12.85924667512781,83.24057273764399,971.8159661420485,Good Condition
9.527843928582584,89.29381932346745,624.5733087132804,Good Condition
12.089016333343576,89.7530163859723,1010.6320550927906,Average Condition
12.561367159338118,82.28037279692973,1682.3986234861402,Average Condition
11.573832443647065,80.92024440666002,1325.1447387976104,Average Condition
10.82945713130095,91.71142379102659,1087.3338304356034,Average Condition
10.47104548488361,86.8970063565398,1120.4350128688625,Average Condition
10.093209599257971,80.87245693258214,601.8950760016554,Good Condition
13.577174865486956,94.9229947575465,1019.7207385913302,Average Condition
12.983716446726374,80.8667084149455,1505.0422382931029,Average Condition
13.790161463999075,90.4255284328783,1963.8722213429,Poor Condition
8.745783340913269,94.7551838789512,1785.8851577774592,Average Condition
12.385204851221864,83.58770156323888,633.0329505037407,Good Condition
13.630042740926227,82.13374053030795,1857.984846544775,Average Condition
9.087398396993962,81.82077409133643,1696.4777786180764,Average Condition
8.398977604200665,84.54912721351393,1692.5265729993725,Average Condition
12.446723895740355,81.5156871651597,1241.194062605,Average Condition
11.446838679079471,90.38242012541198,1157.207410136304,Average Condition
13.050972660549633,80.93437697195094,1024.0820203664698,Good Condition
8.838634259757736,87.64133192224685,691.9728025361121,Good Condition
12.771603871159341,94.95045280779465,919.5295088911787,Average Condition
9.209763920286466,92.20955404259028,945.2450889692345,Good Condition
8.981935657194228,89.22829157346516,1277.7078975942823,Average Condition
8.985594787585958,84.59380431179918,1646.4221692353715,Average Condition
12.887448321388293,89.35843754437458,1263.3337597571253,Average Condition
11.9911833241772,87.90562195867477,680.9822292260249,Average Condition
11.138392548614716,86.39125075835557,1940.9057213834853,Average Condition
10.152982904741016,81.960655651103,1919.8140467317571,Average Condition
13.26320324487865,93.299063228607,1699.2653604077718,Poor Condition
10.354670644535812,86.74676973231983,1987.8590621899089,Average Condition
12.899596636829463,82.91933767731147,1362.275265920368,Average Condition
10.634809451421312,85.51639026315934,1947.8756903544886,Average Condition
10.261666576549445,86.2119462879339,705.8470568634511,Average Condition
10.77607871401764,92.41306843350311,1111.9530475659199,Average Condition
9.808267244984853,91.00421570842103,915.5337752094722,Good Condition
12.485656281057507,91.5395734046201,874.166317787978,Average Condition
11.016322340554876,80.16546896642971,797.1241284497465,Good Condition
9.393276170880904,86.24230997269642,1471.3790981923953,Average Condition
13.397447439647411,87.22016227452986,1693.850598046227,Average Condition
10.30334732823927,80.28788415234585,1409.6177591885048,Average Condition
11.26131716668393,83.89719813117551,805.7477934234935,Good Condition
13.438832665787281,91.40434734683203,1735.5732779068592,Poor Condition
11.745427975483953,82.05664558593499,1490.33659002922,Average Condition
8.701388244250184,88.02965197178888,1143.4319885777936,Good Condition
13.638992741680852,83.22802808025857,1543.782413750488,Average Condition
11.766248318428508,80.1818116196584,963.866970939966,Good Condition
10.009433687942517,83.61802186399312,1083.2690918918947,Good Condition
8.835632435980324,94.6381063236508,1884.4801803847863,Average Condition
12.764151135621777,92.02305667824484,1006.7063079399886,Average Condition
11.720436535571082,94.3936496648155,1257.9835754211113,Average Condition
11.200766551857928,87.31781065889544,1846.1975923544205,Average Condition
13.363355498305745,81.64604298016255,1590.8098903745386,Average Condition
12.731583267347185,88.2193923346054,687.0845166305838,Average Condition
8.910049278396507,86.81566001839941,806.2242619905585,Good Condition
9.87033240677329,92.66535624109424,610.9782270806835,Good Condition
9.490934838886794,81.47123871176368,1483.2905063208286,Average Condition
12.463677755436063,87.32361705532668,1226.7427955745857,Average Condition
8.201194608414676,82.25072997040976,787.9847912631858,Good Condition
11.4193381092279,84.8701389033509,1941.1077694794785,Average Condition
12.574752114444143,91.060356160817,1341.5236135238679,Average Condition
13.260593820570497,87.1402719405315,938.6506117580449,Average Condition
10.052490492295444,85.63832427718654,1300.8449996165905,Average Condition
12.927543828032077,85.91714417855053,1551.4684658291508,Average Condition
8.663790421731242,86.8917015260898,706.7349051629902,Good Condition
13.07871375040711,91.77524815755585,984.5853410670488,Average Condition
8.764931973991894,93.38127033410352,1729.751687237591,Average Condition
10.383723743362204,94.33002029755892,1243.5308185637257,Average Condition
12.783772194677322,91.80355079382943,1365.2079988452128,Average Condition
8.899504564092643,84.7311034362202,1205.9424030932569,Average Condition
9.37550837139585,90.32202059129813,661.4599197002071,Good Condition
12.333515410358398,86.56404686083089,832.0496917482183,Average Condition
12.320219219276446,83.82005933069077,1223.7582942386473,Average Condition
11.846885797311785,92.61307369138883,892.859651571099,Average Condition
12.1636906668026,80.57639523443487,669.9706401235502,Good Condition
11.256346660085576,93.52642988203135,1781.1095296725532,Average Condition
9.510794353441717,86.92216196937102,1973.6695408297621,Average Condition
10.074175961023517,89.55802215212421,1710.4000235954352,Average Condition
9.089586300808554,89.89030883308673,1795.298890386534,Average Condition
13.45070336800177,93.42676611059804,938.7679824438635,Average Condition
11.500350768596723,89.55004523250811,1944.8777657184796,Average Condition
10.40510850058184,89.20900377140093,875.6959862347998,Average Condition
10.772034821864796,80.99978060841035,1932.001734506565,Average Condition
13.683700037670892,87.77612032917806,1992.7470115523315,Average Condition
8.920108418696481,82.25253501225562,1596.4119280444684,Average Condition
11.517378992100785,91.06150653082229,1973.6012245085506,Average Condition
11.035332073306796,87.68332881219011,1397.355691393945,Average Condition
11.668725412607888,90.2034166881253,963.3584964465265,Average Condition
8.108661102925042,80.62509350903576,1211.7942399318692,Average Condition
13.23274345366491,81.27188024068705,1430.9853095303004,Average Condition
13.592709694901675,90.74485082094023,702.314186837821,Average Condition
11.390799101535254,81.0812650399801,1471.2805704641446,Average Condition
12.179904943261354,81.06885091647888,1973.6489714672123,Average Condition
13.534996287063773,80.18162712852332,866.1507096972186,Good Condition
12.243431805880391,94.3475209744922,1709.6331628037367,Poor Condition
8.915234257485569,91.0626253918851,1871.0583112914671,Average Condition
11.457730161000878,85.29877112753096,1921.1822299483092,Average Condition
11.640290278297135,84.44803371931482,1944.189846167626,Average Condition
10.544784027814316,85.24554844618774,1330.0434942100608,Average Condition
12.418665413748336,91.61980296771773,1968.2310711881053,Poor Condition
13.60620208861409,89.92055916605622,1660.2342899882144,Average Condition
13.553411077440657,82.77793351801202,826.3400107317466,Good Condition
10.705036228424792,82.61164003001126,1267.660149055158,Average Condition
8.67942827504453,81.47593474570095,1605.6636455208054,Average Condition
13.909047193774008,89.90454079552008,946.2764421467166,Average Condition
13.033388518675604,91.46558993332604,1496.8612569684424,Average Condition
8.747976087219602,83.97569642487505,1533.2406706652669,Average Condition
13.525051295704234,80.3141744154637,827.7796413319923,Good Condition
13.21937817237277,81.23257501214641,1391.1194374338588,Average Condition
11.113028342756433,94.51790052267546,1680.2776753700507,Average Condition
11.547652614469575,84.4316716621613,1298.4539303503188,Average Condition
10.394016223220781,91.53834721757201,616.9443634865504,Average Condition
8.328569832932189,89.36995353281395,612.6538567110091,Good Condition
10.011183449875405,85.72909459479344,1099.841081558017,Average Condition
12.81712069158807,83.08530893293333,1896.6716958044947,Average Condition
8.027792138027618,81.82079627239109,920.1474914450523,Good Condition
10.000995030146864,89.225194520583,1488.109164420362,Average Condition
10.38901216154566,91.61950670956682,910.9062189706488,Average Condition
11.224373617627538,89.65856380311696,1050.3379855233682,Average Condition
13.519133698476562,87.95453199873738,1787.2589254420775,Average Condition
10.078075966195767,80.62926835147455,1620.4060191779256,Average Condition
10.081719211377365,94.52733166391576,733.5589882384949,Average Condition
12.42500748865849,91.98071287481862,1200.1828293810072,Average Condition
10.713307645338844,84.39233055051447,640.8376691033702,Good Condition
9.347628937639891,94.69955494038275,1273.2462052442124,Average Condition
10.71463709679616,89.02822384454483,1527.4076163814952,Average Condition
8.8451421222788,88.7363398731087,765.9036730374122,Good Condition
9.05832191903734,91.22109769144298,1004.4389144728319,Good Condition
10.990206636436879,92.17654682135206,1156.9712757030197,Average Condition
10.513552697027286,89.84717910997254,1887.3434345184696,Average Condition
13.4890754064086,81.921436195493,1990.5570215921496,Average Condition
10.1743633946998,85.07401258991747,662.8758185938622,Average Condition
11.483530101668261,93.92125460489075,1665.4110928935488,Average Condition
11.793585727517183,83.36923417765777,1120.4136929632805,Good Condition
8.078566739530002,85.5825053575627,1149.441460721272,Good Condition
11.981224232100264,86.48115324416294,1655.9709626858319,Average Condition
9.068215801218509,86.59107484541678,1885.7970050035722,Average Condition
13.766421904816731,89.19409373741789,1931.3000323035678,Average Condition
8.891976366518678,94.14613756617061,1407.971620453649,Average Condition
10.487744742362143,83.61039067748757,1099.969623020704,Good Condition
8.512098008471863,81.82252064451377,1702.568720202291,Average Condition
13.981245511075684,82.96205734789906,951.4019365672204,Good Condition
11.013170061987456,93.30387350313904,1389.703640366925,Average Condition
11.572310103920262,89.68716218982809,1102.0098461348225,Average Condition
8.402458864330566,84.2886018385874,1519.2835031910265,Average Condition
12.499762822395066,92.23920408452926,936.5584780509097,Average Condition
9.259433558573514,92.92054994545154,868.2301240287561,Good Condition
13.388325736644283,92.69771508035417,1885.5347213456118,Poor Condition
9.230837842892043,93.78389800459331,742.5251561293517,Good Condition
9.144126323982,83.78361530260042,1308.3410708289043,Average Condition
8.21929800708857,91.32562893119417,909.1938961482125,Good Condition
10.832401670659996,86.9080924591121,654.5019486559345,Average Condition
11.389046799575699,92.62997829335092,650.426345607997,Average Condition
8.394251836570113,90.9273601574242,845.3104809481583,Good Condition
12.653165700170064,91.64671169749587,1813.4784963084003,Poor Condition
10.719733008488166,89.84242756521607,995.4702415678373,Average Condition
11.14634161596548,82.6614315420456,1930.642838805414,Average Condition
10.644576481629368,88.17540378345407,1414.271210184871,Average Condition
10.404578365251956,94.77004609286763,1211.2598656762725,Average Condition
11.357841987849307,94.06082099745679,1412.1243685372365,Average Condition
8.931441475584275,80.64760603695518,1323.3777393167748,Average Condition
9.091568782971628,82.47222223594156,1662.2867552602552,Average Condition
13.170713726081104,81.97593160181843,995.4944923619931,Good Condition
13.676692772801797,90.88969864977943,1094.2705482404233,Average Condition
10.239855897678517,92.26677994785418,1851.732023546551,Average Condition
9.624468038861323,83.20267049466008,1925.0391184105677,Average Condition
11.863997259434095,87.58779039427743,1849.5815184810642,Average Condition
10.452405026588579,92.610545420168,1187.227191540239,Average Condition
8.15231813396207,90.99202317149376,1692.5117042096344,Average Condition
8.936915584197141,88.13355808237773,1266.8700266215383,Average Condition
12.295833373084385,88.85521535688159,1296.555793004543,Average Condition
11.953543651460908,87.6254082037442,886.5521526801975,Average Condition
8.162575955020902,84.46322676978231,1427.582424561923,Average Condition
9.331832971597697,88.47532989288524,860.5902568546871,Good Condition
9.386448779528429,90.33327953075135,1064.1905786940713,Good Condition
12.03135646159237,93.09984373791211,1797.0422822679093,Poor Condition
8.118263226526185,89.54437030968872,889.9061328951973,Good Condition
8.624651491907443,91.41682305564737,699.6215992428059,Good Condition
12.799496512239136,82.4010745243186,696.6106296579428,Good Condition
9.071267972326002,86.92336211629684,1917.0983287043512,Average Condition
11.91647664711125,80.1399742974064,1309.6886131465685,Average Condition
9.42909668628036,83.70018296782435,1173.1769005438257,Good Condition
8.59664835655607,90.89692572669507,1735.2300134110858,Average Condition
9.459033145996724,94.87714927024045,1770.1562990747225,Average Condition
12.333601591133956,81.48767149380824,1065.0674463618466,Good Condition
13.134178808637714,86.02241473791932,1571.0652804633132,Average Condition
12.98131918740195,92.0010645304874,1679.5719421926412,Poor Condition
10.383101177710728,83.06053451943349,1516.5109616123364,Average Condition
12.008510819423877,88.3262742395343,812.2331047201392,Average Condition
9.229905772494925,90.99606944044513,1826.2363169238797,Average Condition
9.758886381566079,89.23978175390269,1354.7323738304121,Average Condition
13.37801491112672,82.82037101923125,995.4613969180052,Good Condition
8.078011541064416,85.3307685302861,1195.3194596127714,Good Condition
8.513051185126809,91.75687676728096,652.5995265584703,Good Condition
9.247317530876163,88.31339771198024,779.0135217113846,Good Condition
8.159193223242918,80.07844420314369,1671.7654507222053,Average Condition
9.088612610538783,91.41486140042142,600.0162886575126,Good Condition
11.498249365818154,80.52967032410359,1183.1921598752092,Good Condition
10.528547303554987,91.18600674096848,1331.5142535198238,Average Condition
13.356030266461849,83.03720840247856,676.4881880013612,Good Condition
12.904661370430645,94.3711022017907,1962.309428161266,Poor Condition
10.050904110187256,85.51911126953127,916.5754637495406,Average Condition
9.556540600587756,84.90397424507118,1025.878207490793,Good Condition
10.278154449003601,82.23332075498666,1025.5195171570383,Good Condition
11.541769655088846,84.58406323235323,922.5833269642899,Good Condition
9.608381844937258,93.14976142742302,602.063350920836,Good Condition
11.744893447094803,94.94501506440871,1621.0827117231947,Average Condition
10.456469913147442,85.52464295760272,1953.5836997189995,Average Condition
11.312283085111881,86.72915946431814,914.0108765990631,Average Condition
10.6167591748119,90.83106407304106,1528.2660685247915,Average Condition
9.766794557251506,93.29293670697612,1638.654857742201,Average Condition
13.690719841772939,88.89566501280176,1787.7955307267346,Average Condition
12.581634764958565,85.87288547266743,1191.6808758190527,Average Condition
8.840679054598715,86.18932761272936,1024.103267896601,Good Condition
13.210807855387477,90.4342721974521,1055.4131876322435,Average Condition
10.924587189497082,80.04827395406419,1597.669866337918,Average Condition
13.367313361364548,89.29384006189761,1743.4912531078905,Average Condition
12.799131535683891,85.33239515662036,854.2595548592437,Average Condition
10.551281026815401,91.91295996915626,1119.3174114208714,Average Condition
8.134815849920704,81.39485959734698,1862.7162754488102,Average Condition
9.612064156309676,88.82303400422586,1729.3709275726349,Average Condition
11.249805287965202,87.21459334829186,1978.8017638674662,Average Condition
11.800869318956885,89.6348828885784,1655.9475635549131,Average Condition
9.547326112599213,80.97280391724452,1150.4732814390911,Good Condition
8.836136444436946,88.69975681142196,1426.8929675924928,Average Condition
13.009581420795794,88.42226881939285,1525.4199559462484,Average Condition
13.906413084221313,88.40990141624256,709.8381428439735,Average Condition
11.154141093816115,89.05231499894683,1362.2957427454112,Average Condition
9.03007571508982,90.14701905839543,1593.0491598616534,Average Condition
9.633843959116213,92.07483499521155,834.2498256014845,Good Condition
8.1103440592848,84.04731080192322,1692.88440439578,Average Condition
13.485792839362993,92.37574115270093,1417.2818927197563,Average Condition
8.706506497340847,87.4738352339518,1933.1104999766326,Average Condition
11.459098853085521,81.15587418701497,659.3912174896484,Good Condition
9.644331324123236,80.87826393865969,971.4565925776537,Good Condition
11.325068015094761,85.0135747804409,1442.1754310197537,Average Condition
11.908522330111186,91.77345465667202,1015.183877088303,Average Condition
12.978450822243211,90.61521402111373,1600.1938296997391,Poor Condition
9.238527630563619,91.8292244700861,1662.6073955307033,Average Condition
8.065974971950883,87.75903584662414,743.5223496930643,Good Condition
8.821313780412844,86.60298496933235,1319.3962498894748,Average Condition
13.400111851088631,82.21178790059426,1312.4467778274784,Average Condition
13.243340465375091,84.92289130413967,1116.9930783017576,Good Condition
11.584478613021851,86.51029049260814,1906.094807597541,Average Condition
11.60310116260192,81.32900644519425,1758.5088478225098,Average Condition
11.990220047277532,83.30917929066817,1576.0931346734915,Average Condition
9.052227671740697,88.97337941095608,1600.0572900289967,Average Condition
13.486471675549758,91.03494671358784,1246.4026013383668,Average Condition
10.51262314935244,94.97521267089425,1889.3923295352063,Average Condition
10.298831169496985,93.99669997015337,1572.4335981545996,Average Condition
11.113506231697025,89.63847799302788,1620.573486318143,Average Condition
8.28179580065033,86.31872079941108,1806.3672653022834,Average Condition
8.997700212536476,89.54266047062349,983.7002250790674,Good Condition
12.428201698558222,91.78477427120347,1729.8992654133842,Poor Condition
8.49679200755076,81.77504286385081,873.3368441390888,Good Condition
11.61891265679833,86.14857334544432,1083.4787331428429,Average Condition
9.472094658087926,92.59703428453426,1069.8546359777797,Good Condition
10.335773684251858,85.75749427899567,1969.9356557447968,Average Condition
9.7321624206242,88.5780840684078,1799.1521132470975,Average Condition
10.134036298789695,88.81654041293297,1581.6378062263636,Average Condition
12.314275431105473,82.7671437970046,1617.8794662615462,Average Condition
9.78273029373905,85.43353162478432,1386.9019121635995,Average Condition
11.398427841781384,85.01766933112899,1925.9269339519267,Average Condition
10.856302413194598,80.39295062798097,1294.7622540353061,Average Condition
11.98202699217589,80.36287645837032,1132.7247938178523,Good Condition
13.620978435948548,92.4754556551366,828.2494717042274,Average Condition
12.395432583261503,84.09606214959219,1700.6879131654812,Average Condition
9.28964227154454,87.77118149358223,1628.221504905828,Average Condition
8.187098810367708,84.4808836038316,1138.0970539337889,Good Condition
9.573584265798951,94.1101886767301,635.2707795429211,Good Condition
11.570467584201529,83.8894513829866,1774.596258805215,Average Condition
8.308554880905502,86.44485219108402,615.9851768357031,Good Condition
10.978197483207417,93.09095375726903,1585.1796914806714,Average Condition
11.581057093501336,92.62900350187712,1958.35995361648,Average Condition
10.005463344901765,82.79152126769416,1212.725859407485,Average Condition
12.62547322247493,92.03964964693566,928.9627669943338,Average Condition
8.63958951880263,86.87280330106839,1586.8194140607343,Average Condition
8.450826690414853,87.24453308128032,1743.9793988218191,Average Condition
12.36913253722162,82.00219958623916,1365.0024425089864,Average Condition
10.97294789723719,81.20902270635688,1953.8493853586046,Average Condition
12.130414378566417,90.91908960460648,672.3362103211456,Average Condition
10.608964031622477,87.44691728532949,1306.7138376263392,Average Condition
9.47841219943464,86.55276053922769,1605.8355262515702,Average Condition
12.914613906045197,90.94262342978595,1807.6966596088505,Poor Condition
12.796495273813875,91.48269348486664,850.957856670906,Average Condition
12.16817882512656,82.3836225150403,1720.004874469154,Average Condition
9.632870823379776,89.15337724216462,1373.7899060059635,Average Condition
11.541384001214523,82.03031123416528,1155.1751547859485,Good Condition
10.165843381640162,91.27062629043569,784.401040010731,Average Condition
8.549492439959804,89.85432734400709,1811.4140624724773,Average Condition
13.503881452773456,94.34921931625186,820.1824914516014,Average Condition
8.820911785513768,81.03437024534632,1033.7030028927388,Good Condition
13.701424122924815,80.85582081726882,1006.0637447474116,Good Condition
10.676034637747733,84.232806120398,1819.979647867196,Average Condition
